player_name,position,date_of_birth,age,nationality,club_name,league_name,season,year
Vyacheslav Malafeev,Goalkeeper,1979-03-04,33,Russia,Zenit St. Petersburg,Premier Liga,2012/2013,2012
Yuri Zhevnov,Goalkeeper,1981-04-17,31,Belarus,Zenit St. Petersburg,Premier Liga,2012/2013,2012
Egor Baburin,Goalkeeper,1993-08-09,18,Russia,Zenit St. Petersburg,Premier Liga,2012/2013,2012
Pavel Dronov,Goalkeeper,1993-03-22,19,Russia,Zenit St. Petersburg,Premier Liga,2012/2013,2012
Bruno Alves,Centre-Back,1981-11-27,30,Portugal,Zenit St. Petersburg,Premier Liga,2012/2013,2012
Nicolas Lombaerts,Centre-Back,1985-03-20,27,Belgium,Zenit St. Petersburg,Premier Liga,2012/2013,2012
Tomas Hubocan,Centre-Back,1985-09-17,26,Slovakia,Zenit St. Petersburg,Premier Liga,2012/2013,2012
Aleksandar Lukovic,Centre-Back,1982-10-23,29,Serbia,Zenit St. Petersburg,Premier Liga,2012/2013,2012
Luís Neto,Centre-Back,1988-05-26,24,Portugal,Zenit St. Petersburg,Premier Liga,2012/2013,2012
Igor Cheminava,Centre-Back,1991-03-23,21,Russia,Zenit St. Petersburg,Premier Liga,2012/2013,2012
Ilya Zuev,Centre-Back,1994-01-25,18,Russia,Zenit St. Petersburg,Premier Liga,2012/2013,2012
Stepan Rebenko,Centre-Back,1995-05-01,17,Russia,Zenit St. Petersburg,Premier Liga,2012/2013,2012
Domenico Criscito,Left-Back,1986-12-30,25,Italy,Zenit St. Petersburg,Premier Liga,2012/2013,2012
Renat Yanbaev,Left-Back,1984-04-07,28,Russia,Zenit St. Petersburg,Premier Liga,2012/2013,2012
Milan Rodic,Left-Back,1991-04-02,21,Serbia,Zenit St. Petersburg,Premier Liga,2012/2013,2012
Michael Lumb,Left-Back,1988-01-09,24,Denmark,Zenit St. Petersburg,Premier Liga,2012/2013,2012
Andrey Ivanov,Left-Back,1994-09-02,17,Russia,Zenit St. Petersburg,Premier Liga,2012/2013,2012
Aleksandr Anyukov,Right-Back,1982-09-28,29,Russia,Zenit St. Petersburg,Premier Liga,2012/2013,2012
Dmitri Telegin,Right-Back,1992-02-02,20,Russia,Zenit St. Petersburg,Premier Liga,2012/2013,2012
Denis Terentjev,Right-Back,1992-08-13,19,Russia,Zenit St. Petersburg,Premier Liga,2012/2013,2012
Igor Denisov,Defensive Midfield,1984-05-17,28,Russia,Zenit St. Petersburg,Premier Liga,2012/2013,2012
Axel Witsel,Defensive Midfield,1989-01-12,23,Belgium,Zenit St. Petersburg,Premier Liga,2012/2013,2012
Vyacheslav Zinkov,Defensive Midfield,1993-05-26,19,Russia,Zenit St. Petersburg,Premier Liga,2012/2013,2012
Roman Shirokov,Central Midfield,1981-07-06,30,Russia,Zenit St. Petersburg,Premier Liga,2012/2013,2012
Viktor Faizulin,Central Midfield,1986-04-22,26,Russia,Zenit St. Petersburg,Premier Liga,2012/2013,2012
Konstantin Zyryanov,Central Midfield,1977-10-05,34,Russia,Zenit St. Petersburg,Premier Liga,2012/2013,2012
Sergey Semak,Central Midfield,1976-02-27,36,Russia,Zenit St. Petersburg,Premier Liga,2012/2013,2012
Pavel Mogilevets,Central Midfield,1993-01-25,19,Russia,Zenit St. Petersburg,Premier Liga,2012/2013,2012
Aleksey Evseev,Central Midfield,1994-03-30,18,Russia,Zenit St. Petersburg,Premier Liga,2012/2013,2012
Vladimir Bystrov,Right Midfield,1984-01-31,28,Russia,Zenit St. Petersburg,Premier Liga,2012/2013,2012
Danny,Attacking Midfield,1983-08-07,28,Portugal,Zenit St. Petersburg,Premier Liga,2012/2013,2012
Danila Yashchuk,Left Winger,1995-03-13,17,Russia,Zenit St. Petersburg,Premier Liga,2012/2013,2012
Hulk,Right Winger,1986-07-25,25,Brazil,Zenit St. Petersburg,Premier Liga,2012/2013,2012
Aleksandr Kerzhakov,Centre-Forward,1982-11-27,29,Russia,Zenit St. Petersburg,Premier Liga,2012/2013,2012
Aleksandr Bukharov,Centre-Forward,1985-03-12,27,Russia,Zenit St. Petersburg,Premier Liga,2012/2013,2012
Maksim Kanunnikov,Centre-Forward,1991-07-14,20,Russia,Zenit St. Petersburg,Premier Liga,2012/2013,2012
Aleksey Gasilin,Centre-Forward,1996-03-01,16,Russia,Zenit St. Petersburg,Premier Liga,2012/2013,2012
Luka Djordjevic,Centre-Forward,1994-07-09,17,Montenegro,Zenit St. Petersburg,Premier Liga,2012/2013,2012
Igor Akinfeev,Goalkeeper,1986-04-08,26,Russia,CSKA Moscow,Premier Liga,2012/2013,2012
Sergey Chepchugov,Goalkeeper,1985-07-15,26,Russia,CSKA Moscow,Premier Liga,2012/2013,2012
Sergey Revyakin,Goalkeeper,1995-04-02,17,Russia,CSKA Moscow,Premier Liga,2012/2013,2012
Sergey Ignashevich,Centre-Back,1979-07-14,32,Russia,CSKA Moscow,Premier Liga,2012/2013,2012
Vasili Berezutski,Centre-Back,1982-06-20,30,Russia,CSKA Moscow,Premier Liga,2012/2013,2012
Aleksey Berezutski,Centre-Back,1982-06-20,30,Russia,CSKA Moscow,Premier Liga,2012/2013,2012
Viktor Vasin,Centre-Back,1988-10-06,23,Russia,CSKA Moscow,Premier Liga,2012/2013,2012
Georgi Schennikov,Left-Back,1991-04-27,21,Russia,CSKA Moscow,Premier Liga,2012/2013,2012
Petr Ten,Left-Back,1992-07-12,19,Russia,CSKA Moscow,Premier Liga,2012/2013,2012
Mário Fernandes,Right-Back,1990-09-19,21,Russia,CSKA Moscow,Premier Liga,2012/2013,2012
Kirill Nababkin,Right-Back,1986-09-08,25,Russia,CSKA Moscow,Premier Liga,2012/2013,2012
Rasmus Elm,Defensive Midfield,1988-03-17,24,Sweden,CSKA Moscow,Premier Liga,2012/2013,2012
Pontus Wernbloom,Defensive Midfield,1986-06-25,26,Sweden,CSKA Moscow,Premier Liga,2012/2013,2012
Aleksandrs Cauna,Defensive Midfield,1988-01-19,24,Latvia,CSKA Moscow,Premier Liga,2012/2013,2012
Elvir Rahimic,Defensive Midfield,1976-04-04,36,Bosnia-Herzegovina,CSKA Moscow,Premier Liga,2012/2013,2012
Alan Dzagoev,Central Midfield,1990-06-17,22,Russia,CSKA Moscow,Premier Liga,2012/2013,2012
Pavel Mamaev,Central Midfield,1988-09-17,23,Russia,CSKA Moscow,Premier Liga,2012/2013,2012
Ravil Netfullin,Central Midfield,1993-03-03,19,Russia,CSKA Moscow,Premier Liga,2012/2013,2012
Armen Ambartsumyan,Central Midfield,1994-04-11,18,Armenia,CSKA Moscow,Premier Liga,2012/2013,2012
Gela Zaseev,Central Midfield,1993-01-20,19,Russia,CSKA Moscow,Premier Liga,2012/2013,2012
Keisuke Honda,Right Midfield,1986-06-13,26,Japan,CSKA Moscow,Premier Liga,2012/2013,2012
Dmitri Efremov,Left Midfield,1995-04-01,17,Russia,CSKA Moscow,Premier Liga,2012/2013,2012
Mark González,Left Winger,1984-07-10,27,Chile,CSKA Moscow,Premier Liga,2012/2013,2012
In-seong Kim,Left Winger,1989-09-09,22,"Korea, South",CSKA Moscow,Premier Liga,2012/2013,2012
Zoran Tosic,Right Winger,1987-04-28,25,Serbia,CSKA Moscow,Premier Liga,2012/2013,2012
Sekou Oliseh,Right Winger,1990-06-05,22,Liberia,CSKA Moscow,Premier Liga,2012/2013,2012
Seydou Doumbia,Centre-Forward,1987-12-31,24,Cote d'Ivoire,CSKA Moscow,Premier Liga,2012/2013,2012
Vágner Love,Centre-Forward,1984-06-11,28,Brazil,CSKA Moscow,Premier Liga,2012/2013,2012
Tomas Necid,Centre-Forward,1989-08-13,22,Czech Republic,CSKA Moscow,Premier Liga,2012/2013,2012
Ahmed Musa,Centre-Forward,1992-10-14,19,Nigeria,CSKA Moscow,Premier Liga,2012/2013,2012
Konstantin Bazelyuk,Centre-Forward,1993-04-12,19,Russia,CSKA Moscow,Premier Liga,2012/2013,2012
Vladimir Gabulov,Goalkeeper,1983-10-19,28,Russia,Anzhi Makhachkala,Premier Liga,2012/2013,2012
Evgeni Pomazan,Goalkeeper,1989-01-31,23,Russia,Anzhi Makhachkala,Premier Liga,2012/2013,2012
Azamat Dzhioev,Goalkeeper,1991-01-06,21,Russia,Anzhi Makhachkala,Premier Liga,2012/2013,2012
Mekhti Dzhenetov,Goalkeeper,1992-01-26,20,Russia,Anzhi Makhachkala,Premier Liga,2012/2013,2012
Christopher Samba,Centre-Back,1984-03-28,28,Congo,Anzhi Makhachkala,Premier Liga,2012/2013,2012
Emir Spahic,Centre-Back,1980-08-18,31,Bosnia-Herzegovina,Anzhi Makhachkala,Premier Liga,2012/2013,2012
João Carlos,Centre-Back,1982-01-01,30,Brazil,Anzhi Makhachkala,Premier Liga,2012/2013,2012
Ewerton,Centre-Back,1989-03-23,23,Brazil,Anzhi Makhachkala,Premier Liga,2012/2013,2012
Rasim Tagirbekov,Centre-Back,1984-05-04,28,Russia,Anzhi Makhachkala,Premier Liga,2012/2013,2012
Ali Gadzhibekov,Centre-Back,1989-08-06,22,Russia,Anzhi Makhachkala,Premier Liga,2012/2013,2012
Sharif Mukhammad,Centre-Back,1990-03-21,22,Afghanistan,Anzhi Makhachkala,Premier Liga,2012/2013,2012
Badavi Hüseynov,Centre-Back,1991-07-11,20,Azerbaijan,Anzhi Makhachkala,Premier Liga,2012/2013,2012
Andrey Eshchenko,Right-Back,1984-02-09,28,Russia,Anzhi Makhachkala,Premier Liga,2012/2013,2012
Arseni Logashov,Right-Back,1991-08-20,20,Russia,Anzhi Makhachkala,Premier Liga,2012/2013,2012
Lassana Diarra,Defensive Midfield,1985-03-10,27,France,Anzhi Makhachkala,Premier Liga,2012/2013,2012
Jucilei,Defensive Midfield,1988-04-06,24,Brazil,Anzhi Makhachkala,Premier Liga,2012/2013,2012
Odil Akhmedov,Defensive Midfield,1987-11-25,24,Uzbekistan,Anzhi Makhachkala,Premier Liga,2012/2013,2012
Georgi Gabulov,Central Midfield,1988-09-04,23,Russia,Anzhi Makhachkala,Premier Liga,2012/2013,2012
Aleksey Ivanov,Right Midfield,1981-09-01,30,Russia,Anzhi Makhachkala,Premier Liga,2012/2013,2012
Kamil Agalarov,Right Midfield,1988-06-11,24,Russia,Anzhi Makhachkala,Premier Liga,2012/2013,2012
Yuri Zhirkov,Left Midfield,1983-08-20,28,Russia,Anzhi Makhachkala,Premier Liga,2012/2013,2012
Oleg Shatov,Left Midfield,1990-07-29,21,Russia,Anzhi Makhachkala,Premier Liga,2012/2013,2012
Moubarak Boussoufa,Attacking Midfield,1984-08-15,27,Morocco,Anzhi Makhachkala,Premier Liga,2012/2013,2012
Nikita Burmistrov,Left Winger,1989-07-06,22,Russia,Anzhi Makhachkala,Premier Liga,2012/2013,2012
Serder Serderov,Left Winger,1994-03-10,18,Russia,Anzhi Makhachkala,Premier Liga,2012/2013,2012
Willian,Right Winger,1988-08-09,23,Brazil,Anzhi Makhachkala,Premier Liga,2012/2013,2012
Mehdi Carcela-González,Right Winger,1989-07-01,23,Morocco,Anzhi Makhachkala,Premier Liga,2012/2013,2012
Shamil Lakhiyalov,Second Striker,1979-10-28,32,Russia,Anzhi Makhachkala,Premier Liga,2012/2013,2012
Samuel Eto'o,Centre-Forward,1981-03-10,31,Cameroon,Anzhi Makhachkala,Premier Liga,2012/2013,2012
Lacina Traoré,Centre-Forward,1990-05-20,22,Cote d'Ivoire,Anzhi Makhachkala,Premier Liga,2012/2013,2012
Fedor Smolov,Centre-Forward,1990-02-09,22,Russia,Anzhi Makhachkala,Premier Liga,2012/2013,2012
Sergey Ryzhikov,Goalkeeper,1980-09-19,31,Russia,Rubin Kazan,Premier Liga,2012/2013,2012
Giedrius Arlauskis,Goalkeeper,1987-12-01,24,Lithuania,Rubin Kazan,Premier Liga,2012/2013,2012
Alireza Haghighi,Goalkeeper,1988-05-02,24,Iran,Rubin Kazan,Premier Liga,2012/2013,2012
Aleksey Berezin,Goalkeeper,1993-04-16,19,Russia,Rubin Kazan,Premier Liga,2012/2013,2012
Dmitri Volkotrub,Goalkeeper,1992-04-23,20,Russia,Rubin Kazan,Premier Liga,2012/2013,2012
Salvatore Bocchetti,Centre-Back,1986-11-30,25,Italy,Rubin Kazan,Premier Liga,2012/2013,2012
César Navas,Centre-Back,1980-02-14,32,Spain,Rubin Kazan,Premier Liga,2012/2013,2012
Iván Marcano,Centre-Back,1987-06-23,25,Spain,Rubin Kazan,Premier Liga,2012/2013,2012
Roman Sharonov,Centre-Back,1976-09-08,35,Russia,Rubin Kazan,Premier Liga,2012/2013,2012
Ruslan Abyshov,Centre-Back,1987-10-10,24,Azerbaijan,Rubin Kazan,Premier Liga,2012/2013,2012
Solomon Kvirkvelia,Centre-Back,1992-02-06,20,Georgia,Rubin Kazan,Premier Liga,2012/2013,2012
Cristian Ansaldi,Left-Back,1986-09-20,25,Argentina,Rubin Kazan,Premier Liga,2012/2013,2012
Iskandar Dzhalilov,Left-Back,1992-06-01,20,Tajikistan,Rubin Kazan,Premier Liga,2012/2013,2012
Oleg Kuzmin,Right-Back,1981-05-09,31,Russia,Rubin Kazan,Premier Liga,2012/2013,2012
Vitali Kaleshin,Right-Back,1980-10-03,31,Russia,Rubin Kazan,Premier Liga,2012/2013,2012
Yann M'Vila,Defensive Midfield,1990-06-29,22,France,Rubin Kazan,Premier Liga,2012/2013,2012
Pablo Orbaiz,Defensive Midfield,1979-02-06,33,Spain,Rubin Kazan,Premier Liga,2012/2013,2012
Sergey Kislyak,Defensive Midfield,1987-08-06,24,Belarus,Rubin Kazan,Premier Liga,2012/2013,2012
Mihail Platica,Defensive Midfield,1990-03-15,22,Moldova,Rubin Kazan,Premier Liga,2012/2013,2012
Aleksandr Ryazantsev,Central Midfield,1986-09-05,25,Russia,Rubin Kazan,Premier Liga,2012/2013,2012
Bibras Natcho,Central Midfield,1988-02-18,24,Israel,Rubin Kazan,Premier Liga,2012/2013,2012
Parvizdzhon Umarbaev,Central Midfield,1994-11-01,17,Tajikistan,Rubin Kazan,Premier Liga,2012/2013,2012
Viktor Kuzmichev,Central Midfield,1992-03-19,20,Russia,Rubin Kazan,Premier Liga,2012/2013,2012
Vagiz Galiulin,Right Midfield,1987-10-10,24,Uzbekistan,Rubin Kazan,Premier Liga,2012/2013,2012
Ivan Temnikov,Right Midfield,1989-01-28,23,Russia,Rubin Kazan,Premier Liga,2012/2013,2012
Petr Bystrov,Left Midfield,1979-07-15,32,Russia,Rubin Kazan,Premier Liga,2012/2013,2012
Roman Eremenko,Attacking Midfield,1987-03-19,25,Finland,Rubin Kazan,Premier Liga,2012/2013,2012
Carlos Eduardo,Attacking Midfield,1987-07-18,24,Brazil,Rubin Kazan,Premier Liga,2012/2013,2012
Aleksey Eremenko Jr.,Attacking Midfield,1983-03-24,29,Finland,Rubin Kazan,Premier Liga,2012/2013,2012
Gökdeniz Karadeniz,Left Winger,1980-01-11,32,Turkey,Rubin Kazan,Premier Liga,2012/2013,2012
Alan Kasaev,Left Winger,1986-04-08,26,Russia,Rubin Kazan,Premier Liga,2012/2013,2012
Gökhan Töre,Right Winger,1992-01-20,20,Turkey,Rubin Kazan,Premier Liga,2012/2013,2012
José Salomón Rondón,Centre-Forward,1989-09-16,22,Venezuela,Rubin Kazan,Premier Liga,2012/2013,2012
Nelson Valdez,Centre-Forward,1983-11-28,28,Paraguay,Rubin Kazan,Premier Liga,2012/2013,2012
Obafemi Martins,Centre-Forward,1984-10-28,27,Nigeria,Rubin Kazan,Premier Liga,2012/2013,2012
Sergey Davydov,Centre-Forward,1985-07-22,26,Russia,Rubin Kazan,Premier Liga,2012/2013,2012
Vladimir Dyadyun,Centre-Forward,1988-07-12,23,Russia,Rubin Kazan,Premier Liga,2012/2013,2012
Igor Portnyagin,Centre-Forward,1989-01-07,23,Russia,Rubin Kazan,Premier Liga,2012/2013,2012
Sardar Azmoun,Centre-Forward,1995-01-01,17,Iran,Rubin Kazan,Premier Liga,2012/2013,2012
Merabi Uridia,Centre-Forward,1993-04-07,19,Russia,Rubin Kazan,Premier Liga,2012/2013,2012
Andrey Vshivtsev,Centre-Forward,1994-01-25,18,Russia,Rubin Kazan,Premier Liga,2012/2013,2012
Andrey Dikan,Goalkeeper,1977-07-16,34,Russia,Spartak Moscow,Premier Liga,2012/2013,2012
Sergey Pesjakov,Goalkeeper,1988-12-16,23,Russia,Spartak Moscow,Premier Liga,2012/2013,2012
Artem Rebrov,Goalkeeper,1984-03-04,28,Russia,Spartak Moscow,Premier Liga,2012/2013,2012
Sergey Chernyshuk,Goalkeeper,1992-02-22,20,Russia,Spartak Moscow,Premier Liga,2012/2013,2012
Anton Mitryushkin,Goalkeeper,1996-02-08,16,Russia,Spartak Moscow,Premier Liga,2012/2013,2012
Salvatore Bocchetti,Centre-Back,1986-11-30,25,Italy,Spartak Moscow,Premier Liga,2012/2013,2012
Nicolás Pareja,Centre-Back,1984-01-19,28,Argentina,Spartak Moscow,Premier Liga,2012/2013,2012
Marek Suchy,Centre-Back,1988-03-29,24,Czech Republic,Spartak Moscow,Premier Liga,2012/2013,2012
Juan Insaurralde,Centre-Back,1984-10-03,27,Argentina,Spartak Moscow,Premier Liga,2012/2013,2012
Sergey Bryzgalov,Centre-Back,1992-11-15,19,Russia,Spartak Moscow,Premier Liga,2012/2013,2012
Aleksandr Putsko,Centre-Back,1993-02-24,19,Russia,Spartak Moscow,Premier Liga,2012/2013,2012
Ilya Kutepov,Centre-Back,1993-07-29,18,Russia,Spartak Moscow,Premier Liga,2012/2013,2012
Dmitri Kombarov,Left-Back,1987-01-22,25,Russia,Spartak Moscow,Premier Liga,2012/2013,2012
Evgeni Makeev,Left-Back,1989-07-24,22,Russia,Spartak Moscow,Premier Liga,2012/2013,2012
Soslan Gatagov,Left-Back,1992-09-29,19,Russia,Spartak Moscow,Premier Liga,2012/2013,2012
Sergey Parshivlyuk,Right-Back,1989-03-18,23,Russia,Spartak Moscow,Premier Liga,2012/2013,2012
Kirill Kombarov,Right-Back,1987-01-22,25,Russia,Spartak Moscow,Premier Liga,2012/2013,2012
Nikolay Fadeev,Right-Back,1993-05-09,19,Russia,Spartak Moscow,Premier Liga,2012/2013,2012
Kim Källström,Defensive Midfield,1982-08-24,29,Sweden,Spartak Moscow,Premier Liga,2012/2013,2012
Ognjen Vukojevic,Defensive Midfield,1983-12-20,28,Croatia,Spartak Moscow,Premier Liga,2012/2013,2012
Rafael Carioca,Defensive Midfield,1989-06-18,23,Brazil,Spartak Moscow,Premier Liga,2012/2013,2012
Rômulo,Defensive Midfield,1990-09-19,21,Brazil,Spartak Moscow,Premier Liga,2012/2013,2012
Demy de Zeeuw,Central Midfield,1983-05-26,29,Netherlands,Spartak Moscow,Premier Liga,2012/2013,2012
Emin Makhmudov,Central Midfield,1992-04-27,20,Azerbaijan,Spartak Moscow,Premier Liga,2012/2013,2012
Aleksandr Zotov,Central Midfield,1990-08-27,21,Russia,Spartak Moscow,Premier Liga,2012/2013,2012
Diniyar Bilyaletdinov,Attacking Midfield,1985-02-27,27,Russia,Spartak Moscow,Premier Liga,2012/2013,2012
José Manuel Jurado,Attacking Midfield,1986-06-29,26,Spain,Spartak Moscow,Premier Liga,2012/2013,2012
Jano Ananidze,Attacking Midfield,1992-10-10,19,Georgia,Spartak Moscow,Premier Liga,2012/2013,2012
Dmitri Kayumov,Attacking Midfield,1992-05-11,20,Russia,Spartak Moscow,Premier Liga,2012/2013,2012
Igor Gorbatenko,Attacking Midfield,1989-02-13,23,Russia,Spartak Moscow,Premier Liga,2012/2013,2012
Aiden McGeady,Left Winger,1986-04-04,26,Ireland,Spartak Moscow,Premier Liga,2012/2013,2012
Pavel Yakovlev,Left Winger,1991-04-07,21,Russia,Spartak Moscow,Premier Liga,2012/2013,2012
Aleksandr Kozlov,Left Winger,1993-03-19,19,Russia,Spartak Moscow,Premier Liga,2012/2013,2012
Emmanuel Emenike,Centre-Forward,1987-05-10,25,Nigeria,Spartak Moscow,Premier Liga,2012/2013,2012
Welliton,Centre-Forward,1986-10-22,25,Brazil,Spartak Moscow,Premier Liga,2012/2013,2012
Ari,Centre-Forward,1985-12-11,26,Russia,Spartak Moscow,Premier Liga,2012/2013,2012
Artem Dzyuba,Centre-Forward,1988-08-22,23,Russia,Spartak Moscow,Premier Liga,2012/2013,2012
Yura Movsisyan,Centre-Forward,1987-08-02,24,Armenia,Spartak Moscow,Premier Liga,2012/2013,2012
Majeed Waris,Centre-Forward,1991-09-19,20,Ghana,Spartak Moscow,Premier Liga,2012/2013,2012
Vladimir Obukhov,Centre-Forward,1992-02-08,20,Russia,Spartak Moscow,Premier Liga,2012/2013,2012
Vyacheslav Krotov,Centre-Forward,1993-02-14,19,Russia,Spartak Moscow,Premier Liga,2012/2013,2012
Guilherme,Goalkeeper,1985-12-12,26,Russia,Lokomotiv Moscow,Premier Liga,2012/2013,2012
Dario Kresic,Goalkeeper,1984-01-11,28,Croatia,Lokomotiv Moscow,Premier Liga,2012/2013,2012
Aleksandr Filtsov,Goalkeeper,1990-01-02,22,Russia,Lokomotiv Moscow,Premier Liga,2012/2013,2012
Miroslav Lobantsev,Goalkeeper,1995-05-27,17,Russia,Lokomotiv Moscow,Premier Liga,2012/2013,2012
Reto Ziegler,Centre-Back,1986-01-16,26,Switzerland,Lokomotiv Moscow,Premier Liga,2012/2013,2012
Vedran Corluka,Centre-Back,1986-02-05,26,Croatia,Lokomotiv Moscow,Premier Liga,2012/2013,2012
Jan Durica,Centre-Back,1981-12-10,30,Slovakia,Lokomotiv Moscow,Premier Liga,2012/2013,2012
Taras Burlak,Centre-Back,1990-02-22,22,Russia,Lokomotiv Moscow,Premier Liga,2012/2013,2012
Maksim Belyaev,Centre-Back,1991-09-30,20,Russia,Lokomotiv Moscow,Premier Liga,2012/2013,2012
Vitali Lystsov,Centre-Back,1995-07-11,16,Russia,Lokomotiv Moscow,Premier Liga,2012/2013,2012
Renat Yanbaev,Left-Back,1984-04-07,28,Russia,Lokomotiv Moscow,Premier Liga,2012/2013,2012
Vitali Denisov,Left-Back,1987-02-23,25,Uzbekistan,Lokomotiv Moscow,Premier Liga,2012/2013,2012
Temur Mustafin,Left-Back,1995-04-15,17,Russia,Lokomotiv Moscow,Premier Liga,2012/2013,2012
Roman Shishkin,Right-Back,1987-01-27,25,Russia,Lokomotiv Moscow,Premier Liga,2012/2013,2012
Andrey Eshchenko,Right-Back,1984-02-09,28,Russia,Lokomotiv Moscow,Premier Liga,2012/2013,2012
Georgi Burnash,Right-Back,1993-08-08,18,Russia,Lokomotiv Moscow,Premier Liga,2012/2013,2012
Alberto Zapater,Defensive Midfield,1985-06-13,27,Spain,Lokomotiv Moscow,Premier Liga,2012/2013,2012
Dmitri Tarasov,Defensive Midfield,1987-03-18,25,Russia,Lokomotiv Moscow,Premier Liga,2012/2013,2012
Yan Tigorev,Defensive Midfield,1984-03-10,28,Belarus,Lokomotiv Moscow,Premier Liga,2012/2013,2012
Sandro Tsveiba,Defensive Midfield,1993-09-05,18,Russia,Lokomotiv Moscow,Premier Liga,2012/2013,2012
Denis Glushakov,Central Midfield,1987-01-27,25,Russia,Lokomotiv Moscow,Premier Liga,2012/2013,2012
Dmitri Torbinski,Central Midfield,1984-04-28,28,Russia,Lokomotiv Moscow,Premier Liga,2012/2013,2012
Magomed Ozdoev,Central Midfield,1992-11-05,19,Russia,Lokomotiv Moscow,Premier Liga,2012/2013,2012
Dmitri Loskov,Attacking Midfield,1974-02-12,38,Russia,Lokomotiv Moscow,Premier Liga,2012/2013,2012
Vyacheslav Podberezkin,Attacking Midfield,1992-06-21,20,Russia,Lokomotiv Moscow,Premier Liga,2012/2013,2012
Aleksey Miranchuk,Attacking Midfield,1995-10-17,16,Russia,Lokomotiv Moscow,Premier Liga,2012/2013,2012
Maicón,Left Winger,1990-02-18,22,Brazil,Lokomotiv Moscow,Premier Liga,2012/2013,2012
Aleksandr Samedov,Right Winger,1984-07-19,27,Russia,Lokomotiv Moscow,Premier Liga,2012/2013,2012
Maksim Grigorjev,Right Winger,1990-07-06,21,Russia,Lokomotiv Moscow,Premier Liga,2012/2013,2012
Victor Obinna,Second Striker,1987-03-25,25,Nigeria,Lokomotiv Moscow,Premier Liga,2012/2013,2012
Felipe Caicedo,Centre-Forward,1988-09-05,23,Ecuador,Lokomotiv Moscow,Premier Liga,2012/2013,2012
Roman Pavlyuchenko,Centre-Forward,1981-12-15,30,Russia,Lokomotiv Moscow,Premier Liga,2012/2013,2012
Dame N'Doye,Centre-Forward,1985-02-21,27,Senegal,Lokomotiv Moscow,Premier Liga,2012/2013,2012
Dmitri Sychev,Centre-Forward,1983-10-26,28,Russia,Lokomotiv Moscow,Premier Liga,2012/2013,2012
Kamil Mullin,Centre-Forward,1994-01-05,18,Russia,Lokomotiv Moscow,Premier Liga,2012/2013,2012
Anton Shunin,Goalkeeper,1987-01-27,25,Russia,Dinamo Moscow,Premier Liga,2012/2013,2012
Evgeni Frolov,Goalkeeper,1988-02-05,24,Russia,Dinamo Moscow,Premier Liga,2012/2013,2012
Roman Berezovskiy,Goalkeeper,1974-08-05,37,Armenia,Dinamo Moscow,Premier Liga,2012/2013,2012
Leandro Fernández,Centre-Back,1983-01-30,29,Argentina,Dinamo Moscow,Premier Liga,2012/2013,2012
Alexandru Epureanu,Centre-Back,1986-09-27,25,Moldova,Dinamo Moscow,Premier Liga,2012/2013,2012
Vladimir Granat,Centre-Back,1987-05-22,25,Russia,Dinamo Moscow,Premier Liga,2012/2013,2012
Gordon Schildenfeld,Centre-Back,1985-03-18,27,Croatia,Dinamo Moscow,Premier Liga,2012/2013,2012
Denis Kolodin,Centre-Back,1982-01-11,30,Russia,Dinamo Moscow,Premier Liga,2012/2013,2012
Vladimir Rykov,Centre-Back,1987-11-13,24,Russia,Dinamo Moscow,Premier Liga,2012/2013,2012
Marko Lomic,Left-Back,1983-09-13,28,Serbia,Dinamo Moscow,Premier Liga,2012/2013,2012
Luke Wilkshire,Right-Back,1981-10-02,30,Australia,Dinamo Moscow,Premier Liga,2012/2013,2012
Igor Shitov,Right-Back,1986-10-24,25,Belarus,Dinamo Moscow,Premier Liga,2012/2013,2012
Nikita Chicherin,Right-Back,1990-08-18,21,Russia,Dinamo Moscow,Premier Liga,2012/2013,2012
Yuri Kirillov,Defensive Midfield,1990-01-19,22,Russia,Dinamo Moscow,Premier Liga,2012/2013,2012
Christian Noboa,Central Midfield,1985-04-09,27,Ecuador,Dinamo Moscow,Premier Liga,2012/2013,2012
Igor Semshov,Central Midfield,1978-04-06,34,Russia,Dinamo Moscow,Premier Liga,2012/2013,2012
Aleksandr Sapeta,Central Midfield,1989-06-28,23,Russia,Dinamo Moscow,Premier Liga,2012/2013,2012
Artur Yusupov,Central Midfield,1989-09-01,22,Russia,Dinamo Moscow,Premier Liga,2012/2013,2012
Adrian Ropotan,Central Midfield,1986-05-08,26,Romania,Dinamo Moscow,Premier Liga,2012/2013,2012
Jakob Jantscher,Left Midfield,1989-01-08,23,Austria,Dinamo Moscow,Premier Liga,2012/2013,2012
Alan Gatagov,Left Midfield,1991-01-23,21,Russia,Dinamo Moscow,Premier Liga,2012/2013,2012
Zvjezdan Misimovic,Attacking Midfield,1982-06-05,30,Bosnia-Herzegovina,Dinamo Moscow,Premier Liga,2012/2013,2012
Otman Bakkal,Attacking Midfield,1985-02-27,27,Netherlands,Dinamo Moscow,Premier Liga,2012/2013,2012
Balázs Dzsudzsák,Left Winger,1986-12-23,25,Hungary,Dinamo Moscow,Premier Liga,2012/2013,2012
Pavel Nekhajchik,Left Winger,1988-07-15,23,Belarus,Dinamo Moscow,Premier Liga,2012/2013,2012
Pavel Ignatovich,Left Winger,1989-05-24,23,Russia,Dinamo Moscow,Premier Liga,2012/2013,2012
Ivan Solovjev,Left Winger,1993-03-29,19,Russia,Dinamo Moscow,Premier Liga,2012/2013,2012
Pavel Solomatin,Right Winger,1993-04-04,19,Russia,Dinamo Moscow,Premier Liga,2012/2013,2012
Kevin Kuranyi,Centre-Forward,1982-03-02,30,Germany,Dinamo Moscow,Premier Liga,2012/2013,2012
Sergey Davydov,Centre-Forward,1985-07-22,26,Russia,Dinamo Moscow,Premier Liga,2012/2013,2012
Aleksandr Kokorin,Centre-Forward,1991-03-19,21,Russia,Dinamo Moscow,Premier Liga,2012/2013,2012
Andrey Panyukov,Centre-Forward,1994-09-25,17,Russia,Dinamo Moscow,Premier Liga,2012/2013,2012
Nukri Revishvili,Goalkeeper,1987-03-02,25,Georgia,FK Krasnodar,Premier Liga,2012/2013,2012
Evgeni Gorodov,Goalkeeper,1985-12-13,26,Russia,FK Krasnodar,Premier Liga,2012/2013,2012
Aleksandr Filtsov,Goalkeeper,1990-01-02,22,Russia,FK Krasnodar,Premier Liga,2012/2013,2012
Andrey Sinitsyn,Goalkeeper,1988-06-23,24,Russia,FK Krasnodar,Premier Liga,2012/2013,2012
Aleksandre Amisulashvili,Centre-Back,1982-08-20,29,Georgia,FK Krasnodar,Premier Liga,2012/2013,2012
Nemanja Tubic,Centre-Back,1984-04-08,28,Serbia,FK Krasnodar,Premier Liga,2012/2013,2012
Ognjen Vranjes,Centre-Back,1989-10-24,22,Bosnia-Herzegovina,FK Krasnodar,Premier Liga,2012/2013,2012
Ruslan Nakhushev,Centre-Back,1984-09-05,27,Russia,FK Krasnodar,Premier Liga,2012/2013,2012
Aleksandr Martynovich,Centre-Back,1987-08-26,24,Belarus,FK Krasnodar,Premier Liga,2012/2013,2012
Adolphe Teikeu,Centre-Back,1990-06-23,22,Cameroon,FK Krasnodar,Premier Liga,2012/2013,2012
Dusan Andjelkovic,Left-Back,1982-06-15,30,Serbia,FK Krasnodar,Premier Liga,2012/2013,2012
Vladislav Ignatjev,Right-Back,1987-01-20,25,Russia,FK Krasnodar,Premier Liga,2012/2013,2012
Igor Smolnikov,Right-Back,1988-08-08,23,Russia,FK Krasnodar,Premier Liga,2012/2013,2012
Sergey Petrov,Right-Back,1991-01-02,21,Russia,FK Krasnodar,Premier Liga,2012/2013,2012
Nikolay Markov,Right-Back,1985-04-20,27,Russia,FK Krasnodar,Premier Liga,2012/2013,2012
Nikola Drincic,Defensive Midfield,1984-09-07,27,Montenegro,FK Krasnodar,Premier Liga,2012/2013,2012
Sergey Kislyak,Defensive Midfield,1987-08-06,24,Belarus,FK Krasnodar,Premier Liga,2012/2013,2012
Oleg Lanin,Defensive Midfield,1996-01-22,16,Russia,FK Krasnodar,Premier Liga,2012/2013,2012
Evgeni Shipitsin,Central Midfield,1985-01-16,27,Russia,FK Krasnodar,Premier Liga,2012/2013,2012
Márcio Abreu,Central Midfield,1980-04-25,32,Portugal,FK Krasnodar,Premier Liga,2012/2013,2012
Vladimir Koman,Attacking Midfield,1989-03-16,23,Hungary,FK Krasnodar,Premier Liga,2012/2013,2012
Pavel Golyshev,Attacking Midfield,1987-07-07,24,Russia,FK Krasnodar,Premier Liga,2012/2013,2012
Aleksandr Erokhin,Attacking Midfield,1989-10-13,22,Russia,FK Krasnodar,Premier Liga,2012/2013,2012
Mauricio Pereyra,Attacking Midfield,1990-03-15,22,Uruguay,FK Krasnodar,Premier Liga,2012/2013,2012
Igor Lambarskiy,Attacking Midfield,1992-11-26,19,Russia,FK Krasnodar,Premier Liga,2012/2013,2012
Joãozinho,Left Winger,1988-12-25,23,Russia,FK Krasnodar,Premier Liga,2012/2013,2012
Nika Chkhapelia,Left Winger,1994-04-26,18,Russia,FK Krasnodar,Premier Liga,2012/2013,2012
Oleg Samsonov,Right Winger,1987-09-07,24,Russia,FK Krasnodar,Premier Liga,2012/2013,2012
Isael,Right Winger,1988-05-13,24,Brazil,FK Krasnodar,Premier Liga,2012/2013,2012
Yura Movsisyan,Centre-Forward,1987-08-02,24,Armenia,FK Krasnodar,Premier Liga,2012/2013,2012
Wanderson,Centre-Forward,1986-02-18,26,Brazil,FK Krasnodar,Premier Liga,2012/2013,2012
Moussa Konaté,Centre-Forward,1993-04-03,19,Senegal,FK Krasnodar,Premier Liga,2012/2013,2012
Khyzyr Appaev,Centre-Forward,1990-01-27,22,Russia,FK Krasnodar,Premier Liga,2012/2013,2012
Aleksandr Belenov,Goalkeeper,1986-09-13,25,Russia,Kuban Krasnodar,Premier Liga,2012/2013,2012
Stanislav Namasco,Goalkeeper,1986-11-10,25,Moldova,Kuban Krasnodar,Premier Liga,2012/2013,2012
Bogdan Karyukin,Goalkeeper,1985-08-20,26,Russia,Kuban Krasnodar,Premier Liga,2012/2013,2012
Eduard Baychora,Goalkeeper,1992-02-04,20,Russia,Kuban Krasnodar,Premier Liga,2012/2013,2012
Xandão,Centre-Back,1988-02-23,24,Brazil,Kuban Krasnodar,Premier Liga,2012/2013,2012
Zelão,Centre-Back,1984-11-12,27,Brazil,Kuban Krasnodar,Premier Liga,2012/2013,2012
Ángel Dealbert,Centre-Back,1983-01-01,29,Spain,Kuban Krasnodar,Premier Liga,2012/2013,2012
Igor Armas,Centre-Back,1987-07-14,24,Moldova,Kuban Krasnodar,Premier Liga,2012/2013,2012
Anton Rogochiy,Centre-Back,1982-01-23,30,Russia,Kuban Krasnodar,Premier Liga,2012/2013,2012
Leandro,Left-Back,1985-06-26,27,Brazil,Kuban Krasnodar,Premier Liga,2012/2013,2012
Roman Bugaev,Left-Back,1989-02-11,23,Russia,Kuban Krasnodar,Premier Liga,2012/2013,2012
Aleksey Kozlov,Right-Back,1986-12-25,25,Russia,Kuban Krasnodar,Premier Liga,2012/2013,2012
Maksim Zhavnerchik,Right-Back,1985-02-09,27,Belarus,Kuban Krasnodar,Premier Liga,2012/2013,2012
Igor Lolo,Right-Back,1982-07-22,29,Cote d'Ivoire,Kuban Krasnodar,Premier Liga,2012/2013,2012
Charles Kaboré,Defensive Midfield,1988-02-09,24,Burkina Faso,Kuban Krasnodar,Premier Liga,2012/2013,2012
Artem Fiedler,Defensive Midfield,1983-07-14,28,Russia,Kuban Krasnodar,Premier Liga,2012/2013,2012
Vladislav Kulik,Central Midfield,1985-02-27,27,Russia,Kuban Krasnodar,Premier Liga,2012/2013,2012
Artur Tlisov,Central Midfield,1982-06-10,30,Russia,Kuban Krasnodar,Premier Liga,2012/2013,2012
Anton Sosnin,Central Midfield,1990-01-27,22,Russia,Kuban Krasnodar,Premier Liga,2012/2013,2012
Mikhail Komkov,Right Midfield,1984-10-01,27,Russia,Kuban Krasnodar,Premier Liga,2012/2013,2012
Ivelin Popov,Attacking Midfield,1987-10-26,24,Bulgaria,Kuban Krasnodar,Premier Liga,2012/2013,2012
Marcos Pizzelli,Attacking Midfield,1984-10-03,27,Armenia,Kuban Krasnodar,Premier Liga,2012/2013,2012
Bauyrzhan Islamkhan,Attacking Midfield,1993-02-23,19,Kazakhstan,Kuban Krasnodar,Premier Liga,2012/2013,2012
Gigel Bucur,Left Winger,1980-04-08,32,Romania,Kuban Krasnodar,Premier Liga,2012/2013,2012
David Tsoraev,Right Winger,1983-05-07,29,Russia,Kuban Krasnodar,Premier Liga,2012/2013,2012
Aras Özbiliz,Right Winger,1990-03-09,22,Armenia,Kuban Krasnodar,Premier Liga,2012/2013,2012
Aleksey Ionov,Right Winger,1989-02-18,23,Russia,Kuban Krasnodar,Premier Liga,2012/2013,2012
Anton Sekret,Second Striker,1992-01-23,20,Russia,Kuban Krasnodar,Premier Liga,2012/2013,2012
Ibrahima Baldé,Centre-Forward,1989-04-04,23,Senegal,Kuban Krasnodar,Premier Liga,2012/2013,2012
Daniel Niculae,Centre-Forward,1982-10-06,29,Romania,Kuban Krasnodar,Premier Liga,2012/2013,2012
Aleksandr Prudnikov,Centre-Forward,1989-02-26,23,Russia,Kuban Krasnodar,Premier Liga,2012/2013,2012
Marcos Ureña,Centre-Forward,1990-03-05,22,Costa Rica,Kuban Krasnodar,Premier Liga,2012/2013,2012
Abdulwaheed Afolabi,Centre-Forward,1991-11-30,20,Nigeria,Kuban Krasnodar,Premier Liga,2012/2013,2012
Stipe Pletikosa,Goalkeeper,1979-01-08,33,Croatia,FK Rostov,Premier Liga,2012/2013,2012
Nikolay Zabolotnyi,Goalkeeper,1990-04-16,22,Russia,FK Rostov,Premier Liga,2012/2013,2012
Ilya Madilov,Goalkeeper,1988-06-18,24,Russia,FK Rostov,Premier Liga,2012/2013,2012
Artem Orsaev,Goalkeeper,1993-09-20,18,Russia,FK Rostov,Premier Liga,2012/2013,2012
Kornél Saláta,Centre-Back,1985-01-24,27,Slovakia,FK Rostov,Premier Liga,2012/2013,2012
Siyanda Xulu,Centre-Back,1991-12-30,20,South Africa,FK Rostov,Premier Liga,2012/2013,2012
Maksim Belyaev,Centre-Back,1991-09-30,20,Russia,FK Rostov,Premier Liga,2012/2013,2012
Isaac Okoronkwo,Centre-Back,1978-05-01,34,Nigeria,FK Rostov,Premier Liga,2012/2013,2012
Vitali Djakov,Centre-Back,1989-01-31,23,Russia,FK Rostov,Premier Liga,2012/2013,2012
Andrey Ivanov,Left-Back,1988-10-08,23,Russia,FK Rostov,Premier Liga,2012/2013,2012
Inal Getigezhev,Left-Back,1987-05-23,25,Russia,FK Rostov,Premier Liga,2012/2013,2012
Dmitri Kruglov,Left-Back,1984-05-24,28,Estonia,FK Rostov,Premier Liga,2012/2013,2012
Benoît Angbwa,Right-Back,1982-01-01,30,Cameroon,FK Rostov,Premier Liga,2012/2013,2012
Igor Lolo,Right-Back,1982-07-22,29,Cote d'Ivoire,FK Rostov,Premier Liga,2012/2013,2012
Vladimir Kisenkov,Right-Back,1981-10-08,30,Russia,FK Rostov,Premier Liga,2012/2013,2012
Andrey Vasiljev,Right-Back,1992-02-11,20,Russia,FK Rostov,Premier Liga,2012/2013,2012
Timofey Margasov,Right-Back,1992-06-12,20,Russia,FK Rostov,Premier Liga,2012/2013,2012
Aleksandr Sheshukov,Defensive Midfield,1983-04-15,29,Russia,FK Rostov,Premier Liga,2012/2013,2012
Alexandru Gatcan,Defensive Midfield,1984-03-27,28,Moldova,FK Rostov,Premier Liga,2012/2013,2012
Nikita Vasiljev,Defensive Midfield,1992-03-22,20,Russia,FK Rostov,Premier Liga,2012/2013,2012
Razvan Cocis,Central Midfield,1983-02-19,29,Romania,FK Rostov,Premier Liga,2012/2013,2012
Dmitri Malyaka,Central Midfield,1990-01-15,22,Russia,FK Rostov,Premier Liga,2012/2013,2012
Guélor Kanga,Central Midfield,1990-09-01,21,Gabon,FK Rostov,Premier Liga,2012/2013,2012
David Bentley,Right Midfield,1984-08-27,27,England,FK Rostov,Premier Liga,2012/2013,2012
Timofey Kalachev,Right Midfield,1981-05-01,31,Belarus,FK Rostov,Premier Liga,2012/2013,2012
Igor Kireev,Right Midfield,1992-02-17,20,Russia,FK Rostov,Premier Liga,2012/2013,2012
Edgaras Cesnauskis,Left Midfield,1984-02-05,28,Lithuania,FK Rostov,Premier Liga,2012/2013,2012
Khoren Bayramyan,Left Midfield,1992-01-07,20,Russia,FK Rostov,Premier Liga,2012/2013,2012
Sergey Belousov,Attacking Midfield,1990-05-04,22,Russia,FK Rostov,Premier Liga,2012/2013,2012
Maksim Lepskiy,Attacking Midfield,1992-04-08,20,Russia,FK Rostov,Premier Liga,2012/2013,2012
Dragan Blatnjak,Right Winger,1981-08-01,30,Bosnia-Herzegovina,FK Rostov,Premier Liga,2012/2013,2012
Artem Kulishev,Right Winger,1993-08-26,18,Russia,FK Rostov,Premier Liga,2012/2013,2012
Danko Lazovic,Second Striker,1983-05-17,29,Serbia,FK Rostov,Premier Liga,2012/2013,2012
Florent Sinama-Pongolle,Second Striker,1984-10-20,27,France,FK Rostov,Premier Liga,2012/2013,2012
Roman Adamov,Centre-Forward,1982-06-21,30,Russia,FK Rostov,Premier Liga,2012/2013,2012
Jan Holenda,Centre-Forward,1985-08-22,26,Czech Republic,FK Rostov,Premier Liga,2012/2013,2012
Dmitri Poloz,Centre-Forward,1991-07-12,20,Russia,FK Rostov,Premier Liga,2012/2013,2012
Dmitri Kirichenko,Centre-Forward,1977-01-17,35,Russia,FK Rostov,Premier Liga,2012/2013,2012
Evgeni Starikov,Centre-Forward,1988-11-17,23,United States,FK Rostov,Premier Liga,2012/2013,2012
Magomed Kurbanov,Centre-Forward,1992-04-11,20,Azerbaijan,FK Rostov,Premier Liga,2012/2013,2012
Nemanja Nikolic,Centre-Forward,1992-10-19,19,Serbia,FK Rostov,Premier Liga,2012/2013,2012
Soslan Dzhanaev,Goalkeeper,1987-03-13,25,Russia,Terek Grozny,Premier Liga,2012/2013,2012
Anton Amelchenko,Goalkeeper,1985-03-27,27,Belarus,Terek Grozny,Premier Liga,2012/2013,2012
Yaroslav Godzyur,Goalkeeper,1985-03-06,27,Russia,Terek Grozny,Premier Liga,2012/2013,2012
Igor Usminskiy,Goalkeeper,1977-04-23,35,Russia,Terek Grozny,Premier Liga,2012/2013,2012
Arbi Mezhiev,Goalkeeper,1993-06-29,19,Russia,Terek Grozny,Premier Liga,2012/2013,2012
Ferreira,Centre-Back,1984-10-24,27,Brazil,Terek Grozny,Premier Liga,2012/2013,2012
Marcin Komorowski,Centre-Back,1984-04-17,28,Poland,Terek Grozny,Premier Liga,2012/2013,2012
Martin Jiranek,Centre-Back,1979-05-25,33,Czech Republic,Terek Grozny,Premier Liga,2012/2013,2012
Piotr Polczak,Centre-Back,1986-09-25,25,Poland,Terek Grozny,Premier Liga,2012/2013,2012
Juhani Ojala,Centre-Back,1989-06-19,23,Finland,Terek Grozny,Premier Liga,2012/2013,2012
Murad Tagilov,Centre-Back,1990-01-27,22,Russia,Terek Grozny,Premier Liga,2012/2013,2012
Maciej Rybus,Left-Back,1989-08-19,22,Poland,Terek Grozny,Premier Liga,2012/2013,2012
Fedor Kudryashov,Left-Back,1987-04-05,25,Russia,Terek Grozny,Premier Liga,2012/2013,2012
Dmitri Yatchenko,Right-Back,1986-08-25,25,Russia,Terek Grozny,Premier Liga,2012/2013,2012
Rizvan Utsiev,Right-Back,1988-02-07,24,Russia,Terek Grozny,Premier Liga,2012/2013,2012
Maurício,Defensive Midfield,1988-10-21,23,Brazil,Terek Grozny,Premier Liga,2012/2013,2012
Adilson,Defensive Midfield,1987-01-16,25,Brazil,Terek Grozny,Premier Liga,2012/2013,2012
Facundo Píriz,Defensive Midfield,1990-03-27,22,Uruguay,Terek Grozny,Premier Liga,2012/2013,2012
Blagoy Georgiev,Central Midfield,1981-12-21,30,Bulgaria,Terek Grozny,Premier Liga,2012/2013,2012
Kanu,Central Midfield,1987-09-23,24,Brazil,Terek Grozny,Premier Liga,2012/2013,2012
Aleksandr Pavlenko,Central Midfield,1985-01-20,27,Russia,Terek Grozny,Premier Liga,2012/2013,2012
Adlan Katsaev,Attacking Midfield,1988-02-20,24,Russia,Terek Grozny,Premier Liga,2012/2013,2012
Oleg Ivanov,Attacking Midfield,1986-08-04,25,Russia,Terek Grozny,Premier Liga,2012/2013,2012
Oleg Vlasov,Attacking Midfield,1984-12-10,27,Russia,Terek Grozny,Premier Liga,2012/2013,2012
Jonathan Legear,Right Winger,1987-04-13,25,Belgium,Terek Grozny,Premier Liga,2012/2013,2012
Igor Lebedenko,Right Winger,1983-05-27,29,Russia,Terek Grozny,Premier Liga,2012/2013,2012
Magomed Mitrishev,Right Winger,1992-09-10,19,Russia,Terek Grozny,Premier Liga,2012/2013,2012
Maciej Makuszewski,Right Winger,1989-09-29,22,Poland,Terek Grozny,Premier Liga,2012/2013,2012
Khalid Kadyrov,Right Winger,1994-04-19,18,Russia,Terek Grozny,Premier Liga,2012/2013,2012
Stanislav Murikhin,Right Winger,1992-01-21,20,Russia,Terek Grozny,Premier Liga,2012/2013,2012
Aílton,Centre-Forward,1984-08-20,27,Brazil,Terek Grozny,Premier Liga,2012/2013,2012
Zaur Sadaev,Centre-Forward,1989-11-06,22,Russia,Terek Grozny,Premier Liga,2012/2013,2012
Ezechiel Ndouasel,Centre-Forward,1988-04-22,24,Chad,Terek Grozny,Premier Liga,2012/2013,2012
Sergey Veremko,Goalkeeper,1982-10-16,29,Belarus,Krylya Sovetov Samara,Premier Liga,2012/2013,2012
Denis Vavilin,Goalkeeper,1982-07-04,29,Russia,Krylya Sovetov Samara,Premier Liga,2012/2013,2012
Aleksandr Makarov,Goalkeeper,1978-08-23,33,Russia,Krylya Sovetov Samara,Premier Liga,2012/2013,2012
Aleksey Fedorov,Goalkeeper,1994-03-29,18,Russia,Krylya Sovetov Samara,Premier Liga,2012/2013,2012
Alexandru Epureanu,Centre-Back,1986-09-27,25,Moldova,Krylya Sovetov Samara,Premier Liga,2012/2013,2012
Aleksandre Amisulashvili,Centre-Back,1982-08-20,29,Georgia,Krylya Sovetov Samara,Premier Liga,2012/2013,2012
Dmitri Verkhovtsov,Centre-Back,1986-10-10,25,Belarus,Krylya Sovetov Samara,Premier Liga,2012/2013,2012
Ivan Taranov,Centre-Back,1986-06-22,26,Russia,Krylya Sovetov Samara,Premier Liga,2012/2013,2012
Aleksey Kontsedalov,Centre-Back,1990-07-24,21,Russia,Krylya Sovetov Samara,Premier Liga,2012/2013,2012
Sergey Bozhin,Centre-Back,1994-09-12,17,Russia,Krylya Sovetov Samara,Premier Liga,2012/2013,2012
Bruno Teles,Left-Back,1986-05-01,26,Brazil,Krylya Sovetov Samara,Premier Liga,2012/2013,2012
Dmitri Molosh,Left-Back,1981-12-10,30,Belarus,Krylya Sovetov Samara,Premier Liga,2012/2013,2012
Dmitri Golubev,Left-Back,1992-03-01,20,Russia,Krylya Sovetov Samara,Premier Liga,2012/2013,2012
Benoît Angbwa,Right-Back,1982-01-01,30,Cameroon,Krylya Sovetov Samara,Premier Liga,2012/2013,2012
Réginal Goreux,Right-Back,1987-12-31,24,Haiti,Krylya Sovetov Samara,Premier Liga,2012/2013,2012
Ibragim Tsallagov,Right-Back,1990-12-12,21,Russia,Krylya Sovetov Samara,Premier Liga,2012/2013,2012
Sergey Petrov,Right-Back,1991-01-02,21,Russia,Krylya Sovetov Samara,Premier Liga,2012/2013,2012
Steeve Joseph-Reinette,Right-Back,1983-12-02,28,France,Krylya Sovetov Samara,Premier Liga,2012/2013,2012
Evgeni Balyajkin,Defensive Midfield,1988-05-19,24,Russia,Krylya Sovetov Samara,Premier Liga,2012/2013,2012
Konstantin Kertanov,Defensive Midfield,1995-07-22,16,Russia,Krylya Sovetov Samara,Premier Liga,2012/2013,2012
Stanislav Dragun,Central Midfield,1988-06-04,24,Belarus,Krylya Sovetov Samara,Premier Liga,2012/2013,2012
Emin Makhmudov,Central Midfield,1992-04-27,20,Azerbaijan,Krylya Sovetov Samara,Premier Liga,2012/2013,2012
Ilia Maksimov,Central Midfield,1987-02-02,25,Russia,Krylya Sovetov Samara,Premier Liga,2012/2013,2012
Roman Vorobjov,Central Midfield,1984-03-24,28,Russia,Krylya Sovetov Samara,Premier Liga,2012/2013,2012
Viktor Svezhov,Central Midfield,1991-05-17,21,Russia,Krylya Sovetov Samara,Premier Liga,2012/2013,2012
Viktor Kuzmichev,Central Midfield,1992-03-19,20,Russia,Krylya Sovetov Samara,Premier Liga,2012/2013,2012
Petr Nemov,Right Midfield,1983-10-18,28,Russia,Krylya Sovetov Samara,Premier Liga,2012/2013,2012
Aleksandr Eliseev,Right Midfield,1991-11-15,20,Russia,Krylya Sovetov Samara,Premier Liga,2012/2013,2012
Roman Grigoryan,Attacking Midfield,1982-09-14,29,Russia,Krylya Sovetov Samara,Premier Liga,2012/2013,2012
Ognjen Koroman,Right Winger,1978-09-19,33,Serbia,Krylya Sovetov Samara,Premier Liga,2012/2013,2012
Shamil Lakhiyalov,Second Striker,1979-10-28,32,Russia,Krylya Sovetov Samara,Premier Liga,2012/2013,2012
Pablo Zeballos,Second Striker,1986-03-04,26,Paraguay,Krylya Sovetov Samara,Premier Liga,2012/2013,2012
Sergey Kornilenko,Centre-Forward,1983-06-14,29,Belarus,Krylya Sovetov Samara,Premier Liga,2012/2013,2012
Igor Portnyagin,Centre-Forward,1989-01-07,23,Russia,Krylya Sovetov Samara,Premier Liga,2012/2013,2012
Artem Deljkin,Centre-Forward,1990-08-02,21,Russia,Krylya Sovetov Samara,Premier Liga,2012/2013,2012
Sergey Sipatov,Centre-Forward,1993-02-08,19,Russia,Krylya Sovetov Samara,Premier Liga,2012/2013,2012
Luis Caballero,Centre-Forward,1990-04-22,22,Paraguay,Krylya Sovetov Samara,Premier Liga,2012/2013,2012
Soslan Dzhanaev,Goalkeeper,1987-03-13,25,Russia,Alania Vladikavkaz,Premier Liga,2012/2013,2012
Dmitri Khomich,Goalkeeper,1984-10-04,27,Russia,Alania Vladikavkaz,Premier Liga,2012/2013,2012
David Gigolaev,Goalkeeper,1989-03-31,23,Russia,Alania Vladikavkaz,Premier Liga,2012/2013,2012
Vitali Gudiev,Goalkeeper,1995-04-22,17,Russia,Alania Vladikavkaz,Premier Liga,2012/2013,2012
Soslanbek Arshiev,Goalkeeper,1989-01-01,23,Russia,Alania Vladikavkaz,Premier Liga,2012/2013,2012
Welinton,Centre-Back,1989-04-10,23,Brazil,Alania Vladikavkaz,Premier Liga,2012/2013,2012
Ognjen Vranjes,Centre-Back,1989-10-24,22,Bosnia-Herzegovina,Alania Vladikavkaz,Premier Liga,2012/2013,2012
Dmitri Grachev,Centre-Back,1983-10-06,28,Russia,Alania Vladikavkaz,Premier Liga,2012/2013,2012
Cardoso,Centre-Back,1984-09-11,27,Brazil,Alania Vladikavkaz,Premier Liga,2012/2013,2012
Anton Grigorjev,Centre-Back,1985-12-13,26,Russia,Alania Vladikavkaz,Premier Liga,2012/2013,2012
Ioan Mera,Centre-Back,1987-01-05,25,Romania,Alania Vladikavkaz,Premier Liga,2012/2013,2012
Simeon Bulgaru,Centre-Back,1985-05-26,27,Moldova,Alania Vladikavkaz,Premier Liga,2012/2013,2012
Vladimir Khozin,Centre-Back,1989-07-03,22,Russia,Alania Vladikavkaz,Premier Liga,2012/2013,2012
Zaurbek Pliev,Centre-Back,1991-09-27,20,Russia,Alania Vladikavkaz,Premier Liga,2012/2013,2012
Mamuka Kobakhidze,Centre-Back,1992-08-23,19,Georgia,Alania Vladikavkaz,Premier Liga,2012/2013,2012
Azat Bairyev,Centre-Back,1989-02-17,23,Russia,Alania Vladikavkaz,Premier Liga,2012/2013,2012
Igor Khaimanov,Centre-Back,1994-03-26,18,Russia,Alania Vladikavkaz,Premier Liga,2012/2013,2012
Aleksandr Kleshchenko,Centre-Back,1995-11-02,16,Russia,Alania Vladikavkaz,Premier Liga,2012/2013,2012
Akès da Costa Goore,Left-Back,1984-12-31,27,Cote d'Ivoire,Alania Vladikavkaz,Premier Liga,2012/2013,2012
Aslan Dudiev,Right-Back,1990-06-15,22,Russia,Alania Vladikavkaz,Premier Liga,2012/2013,2012
Taras Tsarikaev,Right-Back,1989-06-17,23,Russia,Alania Vladikavkaz,Premier Liga,2012/2013,2012
Dmitri Tikhiy,Right-Back,1992-10-29,19,Russia,Alania Vladikavkaz,Premier Liga,2012/2013,2012
Marat Butuev,Right-Back,1992-05-08,20,Russia,Alania Vladikavkaz,Premier Liga,2012/2013,2012
Deividas Semberas,Defensive Midfield,1978-08-02,33,Lithuania,Alania Vladikavkaz,Premier Liga,2012/2013,2012
Mikhail Bakaev,Defensive Midfield,1987-08-05,24,Russia,Alania Vladikavkaz,Premier Liga,2012/2013,2012
Rudnei,Defensive Midfield,1984-10-07,27,Brazil,Alania Vladikavkaz,Premier Liga,2012/2013,2012
Kazbek Geteriev,Defensive Midfield,1985-06-30,27,Kazakhstan,Alania Vladikavkaz,Premier Liga,2012/2013,2012
Georgi Gabulov,Central Midfield,1988-09-04,23,Russia,Alania Vladikavkaz,Premier Liga,2012/2013,2012
Sanjar Tursunov,Right Midfield,1986-12-29,25,Uzbekistan,Alania Vladikavkaz,Premier Liga,2012/2013,2012
Zaurbek Olisaev,Right Midfield,1994-02-02,18,Russia,Alania Vladikavkaz,Premier Liga,2012/2013,2012
Royston Drenthe,Left Midfield,1987-04-08,25,Netherlands,Alania Vladikavkaz,Premier Liga,2012/2013,2012
Roland Gigolaev,Left Midfield,1990-01-04,22,Russia,Alania Vladikavkaz,Premier Liga,2012/2013,2012
Batraz Khadartsev,Left Midfield,1993-05-23,19,Russia,Alania Vladikavkaz,Premier Liga,2012/2013,2012
Zaurbek Kambolov,Left Midfield,1992-03-04,20,Russia,Alania Vladikavkaz,Premier Liga,2012/2013,2012
Batradz Kokoev,Left Midfield,1995-08-12,16,Russia,Alania Vladikavkaz,Premier Liga,2012/2013,2012
Renan Bressan,Attacking Midfield,1988-11-03,23,Belarus,Alania Vladikavkaz,Premier Liga,2012/2013,2012
Shota Grigalashvili,Attacking Midfield,1986-06-21,26,Georgia,Alania Vladikavkaz,Premier Liga,2012/2013,2012
Soslan Dzhioev,Left Winger,1993-08-08,18,Russia,Alania Vladikavkaz,Premier Liga,2012/2013,2012
Giorgi Chanturia,Right Winger,1993-04-11,19,Georgia,Alania Vladikavkaz,Premier Liga,2012/2013,2012
Arsen Khubulov,Right Winger,1990-12-13,21,Russia,Alania Vladikavkaz,Premier Liga,2012/2013,2012
Danilo Neco,Second Striker,1986-01-27,26,Brazil,Alania Vladikavkaz,Premier Liga,2012/2013,2012
Diego Maurício,Centre-Forward,1991-06-25,21,Brazil,Alania Vladikavkaz,Premier Liga,2012/2013,2012
Dmitri Golubov,Centre-Forward,1985-06-24,27,Russia,Alania Vladikavkaz,Premier Liga,2012/2013,2012
Aleksandr Prudnikov,Centre-Forward,1989-02-26,23,Russia,Alania Vladikavkaz,Premier Liga,2012/2013,2012
Tamás Priskin,Centre-Forward,1986-09-27,25,Hungary,Alania Vladikavkaz,Premier Liga,2012/2013,2012
Rodolfo Zelaya,Centre-Forward,1988-07-03,23,El Salvador,Alania Vladikavkaz,Premier Liga,2012/2013,2012
Dzambolat Khastsaev,Centre-Forward,1995-02-22,17,Russia,Alania Vladikavkaz,Premier Liga,2012/2013,2012
David Yurchenko,Goalkeeper,1986-03-27,26,Russia,Mordovia Saransk,Premier Liga,2012/2013,2012
Dmitri Abakumov,Goalkeeper,1989-07-08,22,Russia,Mordovia Saransk,Premier Liga,2012/2013,2012
Denis Shebanov,Goalkeeper,1990-11-27,21,Russia,Mordovia Saransk,Premier Liga,2012/2013,2012
Milan Perendija,Centre-Back,1986-01-05,26,Serbia,Mordovia Saransk,Premier Liga,2012/2013,2012
Aleksey Muldarov,Centre-Back,1984-04-24,28,Kazakhstan,Mordovia Saransk,Premier Liga,2012/2013,2012
Akaki Khubutia,Centre-Back,1986-03-17,26,Georgia,Mordovia Saransk,Premier Liga,2012/2013,2012
Pavel Stepanets,Centre-Back,1987-05-27,25,Russia,Mordovia Saransk,Premier Liga,2012/2013,2012
Evgeni Osipov,Centre-Back,1986-10-29,25,Russia,Mordovia Saransk,Premier Liga,2012/2013,2012
Vladimir Ponomarev,Centre-Back,1987-04-22,25,Russia,Mordovia Saransk,Premier Liga,2012/2013,2012
Maksim Budnikov,Centre-Back,1983-05-31,29,Russia,Mordovia Saransk,Premier Liga,2012/2013,2012
Vladimir Bozovic,Left-Back,1981-11-13,30,Montenegro,Mordovia Saransk,Premier Liga,2012/2013,2012
Igor Shitov,Right-Back,1986-10-24,25,Belarus,Mordovia Saransk,Premier Liga,2012/2013,2012
Aleksandar Simcevic,Right-Back,1987-02-15,25,Serbia,Mordovia Saransk,Premier Liga,2012/2013,2012
Maksim Zhestkov,Right-Back,1993-04-21,19,Russia,Mordovia Saransk,Premier Liga,2012/2013,2012
Aleksandr Strokov,Right-Back,1991-01-31,21,Russia,Mordovia Saransk,Premier Liga,2012/2013,2012
Evgeni Aldonin,Defensive Midfield,1980-01-22,32,Russia,Mordovia Saransk,Premier Liga,2012/2013,2012
Rustem Mukhametshin,Defensive Midfield,1984-04-02,28,Russia,Mordovia Saransk,Premier Liga,2012/2013,2012
Tomislav Dujmovic,Central Midfield,1981-02-26,31,Croatia,Mordovia Saransk,Premier Liga,2012/2013,2012
Roman Kontsedalov,Central Midfield,1986-05-11,26,Russia,Mordovia Saransk,Premier Liga,2012/2013,2012
Sergey Kuznetsov,Central Midfield,1986-05-07,26,Russia,Mordovia Saransk,Premier Liga,2012/2013,2012
Andrey Pazin,Central Midfield,1986-01-20,26,Russia,Mordovia Saransk,Premier Liga,2012/2013,2012
Yuri Kuleshov,Central Midfield,1981-04-12,31,Russia,Mordovia Saransk,Premier Liga,2012/2013,2012
Denis Sobolev,Central Midfield,1993-08-13,18,Russia,Mordovia Saransk,Premier Liga,2012/2013,2012
Aleksey Ivanov,Right Midfield,1981-09-01,30,Russia,Mordovia Saransk,Premier Liga,2012/2013,2012
Maksim Terentjev,Left Midfield,1992-08-09,19,Russia,Mordovia Saransk,Premier Liga,2012/2013,2012
Anton Bober,Attacking Midfield,1982-09-28,29,Russia,Mordovia Saransk,Premier Liga,2012/2013,2012
Anton Sobolev,Attacking Midfield,1993-08-13,18,Russia,Mordovia Saransk,Premier Liga,2012/2013,2012
Daniel Oprita,Left Winger,1981-08-10,30,Romania,Mordovia Saransk,Premier Liga,2012/2013,2012
Maksim Rogov,Left Winger,1986-02-11,26,Russia,Mordovia Saransk,Premier Liga,2012/2013,2012
Alexandru Suvorov,Left Winger,1987-02-02,25,Moldova,Mordovia Saransk,Premier Liga,2012/2013,2012
Kirill Panchenko,Second Striker,1989-10-16,22,Russia,Mordovia Saransk,Premier Liga,2012/2013,2012
Dalibor Volas,Centre-Forward,1987-02-27,25,Slovenia,Mordovia Saransk,Premier Liga,2012/2013,2012
Ruslan Mukhametshin,Centre-Forward,1981-10-29,30,Russia,Mordovia Saransk,Premier Liga,2012/2013,2012
Mikhail Markin,Centre-Forward,1993-11-21,18,Russia,Mordovia Saransk,Premier Liga,2012/2013,2012
Sergey Narubin,Goalkeeper,1981-12-05,30,Russia,Amkar Perm,Premier Liga,2012/2013,2012
Roman Gerus,Goalkeeper,1980-09-14,31,Russia,Amkar Perm,Premier Liga,2012/2013,2012
Dmitri Belorukov,Centre-Back,1983-03-24,29,Russia,Amkar Perm,Premier Liga,2012/2013,2012
Ivan Cherenchikov,Centre-Back,1984-08-25,27,Russia,Amkar Perm,Premier Liga,2012/2013,2012
Andrey Semenov,Centre-Back,1989-03-24,23,Russia,Amkar Perm,Premier Liga,2012/2013,2012
Aleksey Popov,Centre-Back,1978-07-07,33,Kazakhstan,Amkar Perm,Premier Liga,2012/2013,2012
Mikhail Smirnov,Centre-Back,1990-06-03,22,Russia,Amkar Perm,Premier Liga,2012/2013,2012
Nikola Mijailovic,Left-Back,1982-02-15,30,Serbia,Amkar Perm,Premier Liga,2012/2013,2012
Zahari Sirakov,Right-Back,1977-10-08,34,Bulgaria,Amkar Perm,Premier Liga,2012/2013,2012
Serhii Harashchenkov,Right-Back,1990-05-16,22,Ukraine,Amkar Perm,Premier Liga,2012/2013,2012
Naim Sharifi,Right-Back,1992-06-03,20,Russia,Amkar Perm,Premier Liga,2012/2013,2012
Bryan Idowu,Right-Back,1992-05-18,20,Nigeria,Amkar Perm,Premier Liga,2012/2013,2012
Mitar Novakovic,Defensive Midfield,1981-09-27,30,Montenegro,Amkar Perm,Premier Liga,2012/2013,2012
Vadim Gagloev,Defensive Midfield,1989-01-18,23,Russia,Amkar Perm,Premier Liga,2012/2013,2012
Aleksandr Kolomeytsev,Central Midfield,1989-02-21,23,Russia,Amkar Perm,Premier Liga,2012/2013,2012
Blagoy Georgiev,Central Midfield,1981-12-21,30,Bulgaria,Amkar Perm,Premier Liga,2012/2013,2012
Marko Blazic,Central Midfield,1985-08-02,26,Serbia,Amkar Perm,Premier Liga,2012/2013,2012
Aleksey Rebko,Central Midfield,1986-04-23,26,Russia,Amkar Perm,Premier Liga,2012/2013,2012
Gianluca Nijholt,Central Midfield,1990-02-14,22,Netherlands,Amkar Perm,Premier Liga,2012/2013,2012
Artur Ryabokobylenko,Central Midfield,1991-04-05,21,Russia,Amkar Perm,Premier Liga,2012/2013,2012
Georgi Peev,Right Midfield,1979-03-11,33,Bulgaria,Amkar Perm,Premier Liga,2012/2013,2012
Michal Breznanik,Left Midfield,1985-12-16,26,Slovakia,Amkar Perm,Premier Liga,2012/2013,2012
Vitali Grishin,Left Midfield,1980-09-09,31,Russia,Amkar Perm,Premier Liga,2012/2013,2012
Konstantin Vassiljev,Attacking Midfield,1984-08-16,27,Estonia,Amkar Perm,Premier Liga,2012/2013,2012
Nikita Burmistrov,Left Winger,1989-07-06,22,Russia,Amkar Perm,Premier Liga,2012/2013,2012
Pavel Ignatovich,Left Winger,1989-05-24,23,Russia,Amkar Perm,Premier Liga,2012/2013,2012
Predrag Mijic,Right Winger,1984-11-05,27,Serbia,Amkar Perm,Premier Liga,2012/2013,2012
Vladimirs Kamess,Right Winger,1988-10-28,23,Latvia,Amkar Perm,Premier Liga,2012/2013,2012
Stanislav Matyash,Right Winger,1991-04-23,21,Russia,Amkar Perm,Premier Liga,2012/2013,2012
Maksim Kanunnikov,Centre-Forward,1991-07-14,20,Russia,Amkar Perm,Premier Liga,2012/2013,2012
Igor Picusceac,Centre-Forward,1983-03-27,29,Moldova,Amkar Perm,Premier Liga,2012/2013,2012
Martin Jakubko,Centre-Forward,1980-01-26,32,Slovakia,Amkar Perm,Premier Liga,2012/2013,2012
Nikolaos Karelis,Centre-Forward,1992-02-24,20,Greece,Amkar Perm,Premier Liga,2012/2013,2012
Sergey Volkov,Centre-Forward,1980-09-27,31,Russia,Amkar Perm,Premier Liga,2012/2013,2012
Evgeni Tyukalov,Centre-Forward,1992-08-07,19,Russia,Amkar Perm,Premier Liga,2012/2013,2012
Ilya Abaev,Goalkeeper,1981-08-02,30,Russia,Volga Nizhniy Novgorod,Premier Liga,2012/2013,2012
Mikhail Kerzhakov,Goalkeeper,1987-01-28,25,Russia,Volga Nizhniy Novgorod,Premier Liga,2012/2013,2012
Artur Nigmatullin,Goalkeeper,1991-05-17,21,Russia,Volga Nizhniy Novgorod,Premier Liga,2012/2013,2012
Gia Grigalava,Centre-Back,1989-08-05,22,Georgia,Volga Nizhniy Novgorod,Premier Liga,2012/2013,2012
Aleksandr Belozerov,Centre-Back,1981-10-27,30,Russia,Volga Nizhniy Novgorod,Premier Liga,2012/2013,2012
Andrey Buyvolov,Centre-Back,1987-01-12,25,Russia,Volga Nizhniy Novgorod,Premier Liga,2012/2013,2012
Piotr Polczak,Centre-Back,1986-09-25,25,Poland,Volga Nizhniy Novgorod,Premier Liga,2012/2013,2012
Simeon Bulgaru,Centre-Back,1985-05-26,27,Moldova,Volga Nizhniy Novgorod,Premier Liga,2012/2013,2012
Dmitri Aydov,Centre-Back,1982-04-10,30,Russia,Volga Nizhniy Novgorod,Premier Liga,2012/2013,2012
Aleksey Mamonov,Centre-Back,1993-04-14,19,Russia,Volga Nizhniy Novgorod,Premier Liga,2012/2013,2012
Nikolay Zajtsev,Centre-Back,1989-06-01,23,Russia,Volga Nizhniy Novgorod,Premier Liga,2012/2013,2012
Egor Tarakanov,Left-Back,1987-04-17,25,Russia,Volga Nizhniy Novgorod,Premier Liga,2012/2013,2012
Valeri Kichin,Left-Back,1992-10-12,19,Kyrgyzstan,Volga Nizhniy Novgorod,Premier Liga,2012/2013,2012
Vitalie Bordian,Right-Back,1984-08-11,27,Moldova,Volga Nizhniy Novgorod,Premier Liga,2012/2013,2012
Dmitri Polyanin,Right-Back,1980-03-30,32,Russia,Volga Nizhniy Novgorod,Premier Liga,2012/2013,2012
Adrian Ropotan,Central Midfield,1986-05-08,26,Romania,Volga Nizhniy Novgorod,Premier Liga,2012/2013,2012
Ilia Maksimov,Central Midfield,1987-02-02,25,Russia,Volga Nizhniy Novgorod,Premier Liga,2012/2013,2012
Mihaita Plesan,Central Midfield,1983-02-19,29,Romania,Volga Nizhniy Novgorod,Premier Liga,2012/2013,2012
Dmitri Kudryashov,Central Midfield,1983-05-13,29,Russia,Volga Nizhniy Novgorod,Premier Liga,2012/2013,2012
Ruslan Adzhindzhal,Central Midfield,1974-06-22,38,Russia,Volga Nizhniy Novgorod,Premier Liga,2012/2013,2012
Aleksandr Semyachkin,Central Midfield,1992-07-25,19,Russia,Volga Nizhniy Novgorod,Premier Liga,2012/2013,2012
Aleksandr Kharitonov,Left Midfield,1983-04-04,29,Russia,Volga Nizhniy Novgorod,Premier Liga,2012/2013,2012
Anton Putsila,Attacking Midfield,1987-06-10,25,Belarus,Volga Nizhniy Novgorod,Premier Liga,2012/2013,2012
Aleksandr Shulenin,Attacking Midfield,1979-10-31,32,Russia,Volga Nizhniy Novgorod,Premier Liga,2012/2013,2012
Ruslan Pashtov,Attacking Midfield,1992-11-28,19,Russia,Volga Nizhniy Novgorod,Premier Liga,2012/2013,2012
Andrey Karyaka,Left Winger,1978-04-01,34,Russia,Volga Nizhniy Novgorod,Premier Liga,2012/2013,2012
Shota Bibilov,Right Winger,1990-08-06,21,Russia,Volga Nizhniy Novgorod,Premier Liga,2012/2013,2012
Romeo Castelen,Right Winger,1983-05-03,29,Netherlands,Volga Nizhniy Novgorod,Premier Liga,2012/2013,2012
Matija Dvornekovic,Right Winger,1989-01-01,23,Croatia,Volga Nizhniy Novgorod,Premier Liga,2012/2013,2012
Shamil Asildarov,Centre-Forward,1983-05-18,29,Russia,Volga Nizhniy Novgorod,Premier Liga,2012/2013,2012
Mersudin Ahmetovic,Centre-Forward,1985-03-19,27,Bosnia-Herzegovina,Volga Nizhniy Novgorod,Premier Liga,2012/2013,2012
Artur Sarkisov,Centre-Forward,1987-01-19,25,Armenia,Volga Nizhniy Novgorod,Premier Liga,2012/2013,2012
Aleksandr Salugin,Centre-Forward,1988-10-23,23,Russia,Volga Nizhniy Novgorod,Premier Liga,2012/2013,2012
Aleksey Sapogov,Centre-Forward,1988-04-02,24,Russia,Volga Nizhniy Novgorod,Premier Liga,2012/2013,2012
Dmitri Karasev,Centre-Forward,1992-04-01,20,Russia,Volga Nizhniy Novgorod,Premier Liga,2012/2013,2012
